bus,p_mw,q_mvar,sn_mva,name,scaling,in_service
1,14.782804706789683,0.0,100.0,Load 1,1.0,True
4,31.146444138412633,0.0,100.0,Load 4,1.0,True
5,89.44659638638274,0.0,100.0,Load 5,1.0,True
7,33.31343994272875,0.0,100.0,Load 7,1.0,True
